,Datetime,Activity,Length,Date,Time
0,2018-05-28 16:00:00 -0700,email.uni-rostock.de,136,1527458400.0,57600.0
1,2018-05-28 16:00:00 -0700,mail.yandex.ru,119,1527458400.0,57600.0
2,2018-05-28 16:00:00 -0700,rescuetime,137,1527458400.0,57600.0
3,2018-05-28 16:00:00 -0700,rescuetime.com,520,1527458400.0,57600.0
4,2018-05-28 17:00:00 -0700,rescuetime.com,400,1527458400.0,61200.0
5,2018-05-28 19:00:00 -0700,offline time - other work,335,1527458400.0,68400.0
6,2018-05-28 19:00:00 -0700,y.music,903,1527458400.0,68400.0
7,2018-05-28 20:00:00 -0700,docs.python.org,154,1527458400.0,72000.0
8,2018-05-28 20:00:00 -0700,reviews.rd.com,631,1527458400.0,72000.0
9,2018-05-28 20:00:00 -0700,y.music,115,1527458400.0,72000.0
10,2018-05-29 00:00:00 -0700,explorer,164,1527544800.0,0.0
11,2018-05-29 00:00:00 -0700,mail.google.com,278,1527544800.0,0.0
12,2018-05-29 00:00:00 -0700,saplogon,2052,1527544800.0,0.0
13,2018-05-29 00:00:00 -0700,winword,175,1527544800.0,0.0
14,2018-05-29 01:00:00 -0700,mail.google.com,178,1527544800.0,3600.0
15,2018-05-29 01:00:00 -0700,saplogon,411,1527544800.0,3600.0
16,2018-05-29 09:00:00 -0700,offline time - lesson,2331,1527544800.0,32400.0
17,2018-05-29 10:00:00 -0700,offline time - lesson,3570,1527544800.0,36000.0
18,2018-05-29 11:00:00 -0700,offline time - lesson,2980,1527544800.0,39600.0
19,2018-05-29 11:00:00 -0700,studip.uni-rostock.de,241,1527544800.0,39600.0
20,2018-05-29 11:00:00 -0700,vk.com,122,1527544800.0,39600.0
21,2018-05-29 12:00:00 -0700,offline time - lesson,2765,1527544800.0,43200.0
22,2018-05-29 12:00:00 -0700,offline time - rest,704,1527544800.0,43200.0
23,2018-05-29 13:00:00 -0700,offline time - eat/drink,107,1527544800.0,46800.0
24,2018-05-29 13:00:00 -0700,offline time - phone call,415,1527544800.0,46800.0
25,2018-05-29 13:00:00 -0700,offline time - rest,2805,1527544800.0,46800.0
26,2018-05-29 14:00:00 -0700,offline time - eat/drink,3600,1527544800.0,50400.0
27,2018-05-29 15:00:00 -0700,mail.google.com,250,1527544800.0,54000.0
28,2018-05-29 15:00:00 -0700,offline time - eat/drink,1637,1527544800.0,54000.0
29,2018-05-29 15:00:00 -0700,offline time - rest,1612,1527544800.0,54000.0
30,2018-05-29 16:00:00 -0700,chrome,105,1527544800.0,57600.0
31,2018-05-29 16:00:00 -0700,mail.google.com,530,1527544800.0,57600.0
32,2018-05-29 16:00:00 -0700,offline time - rest,2364,1527544800.0,57600.0
33,2018-05-29 17:00:00 -0700,chrome,110,1527544800.0,61200.0
34,2018-05-29 17:00:00 -0700,e.mail.ru,117,1527544800.0,61200.0
35,2018-05-29 17:00:00 -0700,mail.google.com,193,1527544800.0,61200.0
36,2018-05-29 17:00:00 -0700,saplogon,627,1527544800.0,61200.0
37,2018-05-29 17:00:00 -0700,vk.com,894,1527544800.0,61200.0
38,2018-05-29 18:00:00 -0700,mail.google.com,158,1527544800.0,64800.0
39,2018-05-29 18:00:00 -0700,offline time - eat/drink,753,1527544800.0,64800.0
40,2018-05-29 18:00:00 -0700,pruefung.uni-rostock.de,378,1527544800.0,64800.0
41,2018-05-29 18:00:00 -0700,saplogon,894,1527544800.0,64800.0
42,2018-05-29 18:00:00 -0700,vk.com,571,1527544800.0,64800.0
43,2018-05-29 19:00:00 -0700,offline time - eat/drink,972,1527544800.0,68400.0
44,2018-05-29 19:00:00 -0700,studip.uni-rostock.de,103,1527544800.0,68400.0
45,2018-05-29 19:00:00 -0700,vk.com,882,1527544800.0,68400.0
46,2018-05-29 20:00:00 -0700,offline time - eat/drink,210,1527544800.0,72000.0
47,2018-05-29 20:00:00 -0700,studip.uni-rostock.de,144,1527544800.0,72000.0
48,2018-05-29 20:00:00 -0700,vk.com,2928,1527544800.0,72000.0
49,2018-05-29 21:00:00 -0700,offline time - eat/drink,406,1527544800.0,75600.0
50,2018-05-29 21:00:00 -0700,offline time - phone call,462,1527544800.0,75600.0
51,2018-05-29 21:00:00 -0700,saplogon,1104,1527544800.0,75600.0
52,2018-05-29 21:00:00 -0700,skypeapp,227,1527544800.0,75600.0
53,2018-05-29 21:00:00 -0700,vk.com,250,1527544800.0,75600.0
54,2018-05-29 22:00:00 -0700,mail.google.com,807,1527544800.0,79200.0
55,2018-05-29 22:00:00 -0700,saplogon,894,1527544800.0,79200.0
56,2018-05-29 23:00:00 -0700,saplogon,308,1527544800.0,82800.0
57,2018-05-30 00:00:00 -0700,chrome,161,1527631200.0,0.0
58,2018-05-30 00:00:00 -0700,explorer,108,1527631200.0,0.0
59,2018-05-30 00:00:00 -0700,google.com,117,1527631200.0,0.0
60,2018-05-30 00:00:00 -0700,mail.google.com,324,1527631200.0,0.0
61,2018-05-30 00:00:00 -0700,saplogon,797,1527631200.0,0.0
62,2018-05-30 00:00:00 -0700,vk.com,640,1527631200.0,0.0
63,2018-05-30 01:00:00 -0700,amalgama-lab.com,262,1527631200.0,3600.0
64,2018-05-30 01:00:00 -0700,audiojungle.net,231,1527631200.0,3600.0
65,2018-05-30 01:00:00 -0700,chrome,228,1527631200.0,3600.0
66,2018-05-30 01:00:00 -0700,en.lyrsense.com,169,1527631200.0,3600.0
67,2018-05-30 01:00:00 -0700,mail.google.com,261,1527631200.0,3600.0
68,2018-05-30 01:00:00 -0700,shellexperiencehost,118,1527631200.0,3600.0
69,2018-05-30 01:00:00 -0700,textypesen.com,131,1527631200.0,3600.0
70,2018-05-30 01:00:00 -0700,vk.com,235,1527631200.0,3600.0
71,2018-05-30 10:00:00 -0700,facebook.com,315,1527631200.0,36000.0
72,2018-05-30 10:00:00 -0700,google.com,248,1527631200.0,36000.0
73,2018-05-30 10:00:00 -0700,google.ru,180,1527631200.0,36000.0
74,2018-05-30 10:00:00 -0700,mail.google.com,860,1527631200.0,36000.0
75,2018-05-30 10:00:00 -0700,offline time - lesson,138,1527631200.0,36000.0
76,2018-05-30 10:00:00 -0700,saplogon,108,1527631200.0,36000.0
77,2018-05-30 10:00:00 -0700,skypeapp,798,1527631200.0,36000.0
78,2018-05-30 10:00:00 -0700,translate.google.com,253,1527631200.0,36000.0
79,2018-05-30 10:00:00 -0700,vk.com,118,1527631200.0,36000.0
80,2018-05-30 11:00:00 -0700,offline time - lesson,3550,1527631200.0,39600.0
81,2018-05-30 12:00:00 -0700,offline time - lesson,3600,1527631200.0,43200.0
82,2018-05-30 13:00:00 -0700,guess.eu,247,1527631200.0,46800.0
83,2018-05-30 13:00:00 -0700,liujo.com,373,1527631200.0,46800.0
84,2018-05-30 13:00:00 -0700,loverepublic.ru,301,1527631200.0,46800.0
85,2018-05-30 13:00:00 -0700,mail.google.com,664,1527631200.0,46800.0
86,2018-05-30 13:00:00 -0700,mspaint,117,1527631200.0,46800.0
87,2018-05-30 13:00:00 -0700,offline time - lesson,168,1527631200.0,46800.0
88,2018-05-30 13:00:00 -0700,saplogon,315,1527631200.0,46800.0
89,2018-05-30 13:00:00 -0700,skypeapp,111,1527631200.0,46800.0
90,2018-05-30 13:00:00 -0700,vk.com,558,1527631200.0,46800.0
91,2018-05-30 13:00:00 -0700,zarina.ru,127,1527631200.0,46800.0
92,2018-05-30 14:00:00 -0700,offline time - eat/drink,2394,1527631200.0,50400.0
93,2018-05-30 14:00:00 -0700,saplogon,324,1527631200.0,50400.0
94,2018-05-30 14:00:00 -0700,system idle process,276,1527631200.0,50400.0
95,2018-05-30 14:00:00 -0700,vk.com,343,1527631200.0,50400.0
96,2018-05-30 15:00:00 -0700,mail.google.com,341,1527631200.0,54000.0
97,2018-05-30 15:00:00 -0700,offline time - phone call,443,1527631200.0,54000.0
98,2018-05-30 15:00:00 -0700,saplogon,1497,1527631200.0,54000.0
99,2018-05-30 15:00:00 -0700,skypeapp,282,1527631200.0,54000.0
100,2018-05-30 15:00:00 -0700,vk.com,181,1527631200.0,54000.0
101,2018-05-30 16:00:00 -0700,78.155.208.244,225,1527631200.0,57600.0
102,2018-05-30 16:00:00 -0700,e.mail.ru,255,1527631200.0,57600.0
103,2018-05-30 16:00:00 -0700,email.uni-rostock.de,149,1527631200.0,57600.0
104,2018-05-30 16:00:00 -0700,fsr-inf.uni-rostock.de,116,1527631200.0,57600.0
105,2018-05-30 16:00:00 -0700,mail.google.com,1200,1527631200.0,57600.0
106,2018-05-30 16:00:00 -0700,skypeapp,208,1527631200.0,57600.0
107,2018-05-30 16:00:00 -0700,system idle process,132,1527631200.0,57600.0
108,2018-05-30 16:00:00 -0700,vk.com,186,1527631200.0,57600.0
109,2018-05-30 17:00:00 -0700,mail.google.com,117,1527631200.0,61200.0
110,2018-05-30 17:00:00 -0700,offline time - phone call,1116,1527631200.0,61200.0
111,2018-05-30 17:00:00 -0700,saplogon,1299,1527631200.0,61200.0
112,2018-05-30 17:00:00 -0700,winword,372,1527631200.0,61200.0
113,2018-05-30 18:00:00 -0700,downloads,176,1527631200.0,64800.0
114,2018-05-30 18:00:00 -0700,facebook.com,895,1527631200.0,64800.0
115,2018-05-30 18:00:00 -0700,mail.google.com,209,1527631200.0,64800.0
116,2018-05-30 18:00:00 -0700,saplogon,625,1527631200.0,64800.0
117,2018-05-30 18:00:00 -0700,skypeapp,150,1527631200.0,64800.0
118,2018-05-30 18:00:00 -0700,vk.com,588,1527631200.0,64800.0
119,2018-05-30 18:00:00 -0700,winword,103,1527631200.0,64800.0
120,2018-05-30 19:00:00 -0700,explorer,245,1527631200.0,68400.0
121,2018-05-30 19:00:00 -0700,facebook.com,307,1527631200.0,68400.0
122,2018-05-30 19:00:00 -0700,google.com,157,1527631200.0,68400.0
123,2018-05-30 19:00:00 -0700,offline time - phone call,290,1527631200.0,68400.0
124,2018-05-30 19:00:00 -0700,vk.com,1852,1527631200.0,68400.0
125,2018-05-30 20:00:00 -0700,chrome,177,1527631200.0,72000.0
126,2018-05-30 20:00:00 -0700,facebook.com,638,1527631200.0,72000.0
127,2018-05-30 20:00:00 -0700,google.com,146,1527631200.0,72000.0
128,2018-05-30 20:00:00 -0700,vk.com,489,1527631200.0,72000.0
129,2018-05-30 21:00:00 -0700,itmydream.com,107,1527631200.0,75600.0
130,2018-05-30 21:00:00 -0700,offline time - phone call,353,1527631200.0,75600.0
131,2018-05-30 21:00:00 -0700,otvet.mail.ru,168,1527631200.0,75600.0
132,2018-05-30 21:00:00 -0700,ru.wikipedia.org,115,1527631200.0,75600.0
133,2018-05-30 21:00:00 -0700,saplogon,652,1527631200.0,75600.0
134,2018-05-30 22:00:00 -0700,saplogon,2558,1527631200.0,79200.0
135,2018-05-30 22:00:00 -0700,vk.com,164,1527631200.0,79200.0
136,2018-05-30 23:00:00 -0700,mspaint,108,1527631200.0,82800.0
137,2018-05-30 23:00:00 -0700,saplogon,2069,1527631200.0,82800.0
138,2018-05-30 23:00:00 -0700,skypeapp,200,1527631200.0,82800.0
139,2018-05-30 23:00:00 -0700,vk.com,111,1527631200.0,82800.0
140,2018-05-30 23:00:00 -0700,winword,307,1527631200.0,82800.0
141,2018-05-31 00:00:00 -0700,pp.userapi.com,113,1527717600.0,0.0
142,2018-05-31 00:00:00 -0700,saplogon,976,1527717600.0,0.0
143,2018-05-31 00:00:00 -0700,vk.com,1697,1527717600.0,0.0
144,2018-05-31 00:00:00 -0700,youtube.com,148,1527717600.0,0.0
145,2018-05-31 01:00:00 -0700,vk.com,3109,1527717600.0,3600.0
146,2018-05-31 02:00:00 -0700,chrome,289,1527717600.0,7200.0
147,2018-05-31 02:00:00 -0700,explorer,189,1527717600.0,7200.0
148,2018-05-31 02:00:00 -0700,mail.google.com,472,1527717600.0,7200.0
149,2018-05-31 02:00:00 -0700,saplogon,1323,1527717600.0,7200.0
150,2018-05-31 02:00:00 -0700,winword,262,1527717600.0,7200.0
151,2018-05-31 10:00:00 -0700,e.mail.ru,243,1527717600.0,36000.0
152,2018-05-31 10:00:00 -0700,saplogon,1171,1527717600.0,36000.0
153,2018-05-31 10:00:00 -0700,skypeapp,512,1527717600.0,36000.0
154,2018-05-31 10:00:00 -0700,vk.com,490,1527717600.0,36000.0
155,2018-05-31 11:00:00 -0700,e.mail.ru,137,1527717600.0,39600.0
156,2018-05-31 11:00:00 -0700,saplogon,1620,1527717600.0,39600.0
157,2018-05-31 11:00:00 -0700,skypeapp,598,1527717600.0,39600.0
158,2018-05-31 11:00:00 -0700,vk.com,454,1527717600.0,39600.0
159,2018-05-31 12:00:00 -0700,mail.google.com,145,1527717600.0,43200.0
160,2018-05-31 12:00:00 -0700,offline time - eat/drink,657,1527717600.0,43200.0
161,2018-05-31 12:00:00 -0700,saplogon,187,1527717600.0,43200.0
162,2018-05-31 12:00:00 -0700,skypeapp,573,1527717600.0,43200.0
163,2018-05-31 12:00:00 -0700,vk.com,807,1527717600.0,43200.0
164,2018-05-31 13:00:00 -0700,78.155.208.244,947,1527717600.0,46800.0
165,2018-05-31 13:00:00 -0700,e.mail.ru,188,1527717600.0,46800.0
166,2018-05-31 13:00:00 -0700,mail.google.com,280,1527717600.0,46800.0
167,2018-05-31 13:00:00 -0700,vk.com,1877,1527717600.0,46800.0
168,2018-05-31 14:00:00 -0700,offline time - other work,2193,1527717600.0,50400.0
169,2018-05-31 14:00:00 -0700,offline time - phone call,870,1527717600.0,50400.0
170,2018-05-31 14:00:00 -0700,vk.com,367,1527717600.0,50400.0
171,2018-05-31 15:00:00 -0700,chrome,405,1527717600.0,54000.0
172,2018-05-31 15:00:00 -0700,mail.google.com,704,1527717600.0,54000.0
173,2018-05-31 15:00:00 -0700,offline time - lesson,460,1527717600.0,54000.0
174,2018-05-31 15:00:00 -0700,ru.itmodeling.wikia.com,1242,1527717600.0,54000.0
175,2018-05-31 15:00:00 -0700,skypeapp,215,1527717600.0,54000.0
176,2018-05-31 15:00:00 -0700,yandex.ru,138,1527717600.0,54000.0
177,2018-05-31 16:00:00 -0700,e.mail.ru,127,1527717600.0,57600.0
178,2018-05-31 16:00:00 -0700,mail.google.com,777,1527717600.0,57600.0
179,2018-05-31 16:00:00 -0700,offline time - lesson,1906,1527717600.0,57600.0
180,2018-05-31 16:00:00 -0700,skypeapp,299,1527717600.0,57600.0
181,2018-05-31 16:00:00 -0700,winword,318,1527717600.0,57600.0
182,2018-05-31 17:00:00 -0700,drive.google.com,141,1527717600.0,61200.0
183,2018-05-31 17:00:00 -0700,e.mail.ru,122,1527717600.0,61200.0
184,2018-05-31 17:00:00 -0700,offline time - lesson,3046,1527717600.0,61200.0
185,2018-05-31 18:00:00 -0700,docs.google.com/#document,119,1527717600.0,64800.0
186,2018-05-31 18:00:00 -0700,drive.google.com,887,1527717600.0,64800.0
187,2018-05-31 18:00:00 -0700,e.mail.ru,150,1527717600.0,64800.0
188,2018-05-31 18:00:00 -0700,facebook.com,475,1527717600.0,64800.0
189,2018-05-31 18:00:00 -0700,google.com,132,1527717600.0,64800.0
190,2018-05-31 18:00:00 -0700,ieeexplore.ieee.org,104,1527717600.0,64800.0
191,2018-05-31 18:00:00 -0700,mail.google.com,119,1527717600.0,64800.0
192,2018-05-31 18:00:00 -0700,offline time - meeting,303,1527717600.0,64800.0
193,2018-05-31 18:00:00 -0700,translate.google.com,301,1527717600.0,64800.0
194,2018-05-31 18:00:00 -0700,vk.com,290,1527717600.0,64800.0
195,2018-05-31 19:00:00 -0700,diva-portal.org,130,1527717600.0,68400.0
196,2018-05-31 19:00:00 -0700,docs.google.com/#document,116,1527717600.0,68400.0
197,2018-05-31 19:00:00 -0700,drive.google.com,105,1527717600.0,68400.0
198,2018-05-31 19:00:00 -0700,ieeexplore.ieee.org,234,1527717600.0,68400.0
199,2018-05-31 19:00:00 -0700,offline time - meeting,2822,1527717600.0,68400.0
200,2018-05-31 20:00:00 -0700,offline time - eat/drink,425,1527717600.0,72000.0
201,2018-05-31 20:00:00 -0700,offline time - meeting,1954,1527717600.0,72000.0
202,2018-05-31 20:00:00 -0700,vk.com,904,1527717600.0,72000.0
203,2018-05-31 21:00:00 -0700,chrome,138,1527717600.0,75600.0
204,2018-05-31 21:00:00 -0700,offline time - rest,508,1527717600.0,75600.0
205,2018-05-31 21:00:00 -0700,vk.com,2073,1527717600.0,75600.0
206,2018-06-01 08:00:00 -0700,mail.google.com,106,1527804000.0,28800.0
207,2018-06-01 08:00:00 -0700,vk.com,137,1527804000.0,28800.0
208,2018-06-01 09:00:00 -0700,skypeapp,153,1527804000.0,32400.0
209,2018-06-01 11:00:00 -0700,mail.google.com,292,1527804000.0,39600.0
210,2018-06-01 11:00:00 -0700,skypeapp,153,1527804000.0,39600.0
211,2018-06-01 12:00:00 -0700,mail.google.com,140,1527804000.0,43200.0
212,2018-06-01 12:00:00 -0700,saplogon,630,1527804000.0,43200.0
213,2018-06-01 12:00:00 -0700,skypeapp,332,1527804000.0,43200.0
214,2018-06-01 12:00:00 -0700,vk.com,1011,1527804000.0,43200.0
215,2018-06-01 12:00:00 -0700,winword,202,1527804000.0,43200.0
216,2018-06-01 13:00:00 -0700,skypeapp,751,1527804000.0,46800.0
217,2018-06-01 13:00:00 -0700,system idle process,105,1527804000.0,46800.0
218,2018-06-01 13:00:00 -0700,vk.com,1361,1527804000.0,46800.0
219,2018-06-01 13:00:00 -0700,youtube.com,932,1527804000.0,46800.0
220,2018-06-01 14:00:00 -0700,chrome,145,1527804000.0,50400.0
221,2018-06-01 14:00:00 -0700,explorer,103,1527804000.0,50400.0
222,2018-06-01 14:00:00 -0700,vk.com,225,1527804000.0,50400.0
223,2018-06-01 14:00:00 -0700,youtube.com,1401,1527804000.0,50400.0
224,2018-06-01 15:00:00 -0700,aeroflot.ru,260,1527804000.0,54000.0
225,2018-06-01 15:00:00 -0700,facebook.com,400,1527804000.0,54000.0
226,2018-06-01 15:00:00 -0700,m.aeroflot.ru,280,1527804000.0,54000.0
227,2018-06-01 15:00:00 -0700,mir24.tv,131,1527804000.0,54000.0
228,2018-06-01 15:00:00 -0700,vk.com,1781,1527804000.0,54000.0
229,2018-06-01 15:00:00 -0700,znak.com,172,1527804000.0,54000.0
230,2018-06-01 16:00:00 -0700,aeroflot.ru,873,1527804000.0,57600.0
231,2018-06-01 16:00:00 -0700,e.mail.ru,271,1527804000.0,57600.0
232,2018-06-01 16:00:00 -0700,facebook.com,1004,1527804000.0,57600.0
233,2018-06-01 16:00:00 -0700,mail.google.com,177,1527804000.0,57600.0
234,2018-06-01 16:00:00 -0700,translate.google.com,461,1527804000.0,57600.0
235,2018-06-01 16:00:00 -0700,vk.com,534,1527804000.0,57600.0
236,2018-06-01 17:00:00 -0700,mail.google.com,262,1527804000.0,61200.0
237,2018-06-01 17:00:00 -0700,news.mail.ru,132,1527804000.0,61200.0
238,2018-06-01 17:00:00 -0700,saplogon,207,1527804000.0,61200.0
239,2018-06-01 17:00:00 -0700,skypeapp,1021,1527804000.0,61200.0
240,2018-06-01 17:00:00 -0700,translate.google.com,209,1527804000.0,61200.0
241,2018-06-01 17:00:00 -0700,vk.com,877,1527804000.0,61200.0
242,2018-06-01 17:00:00 -0700,winword,203,1527804000.0,61200.0
243,2018-06-01 18:00:00 -0700,mail.google.com,382,1527804000.0,64800.0
244,2018-06-01 18:00:00 -0700,saplogon,1278,1527804000.0,64800.0
245,2018-06-01 18:00:00 -0700,skypeapp,228,1527804000.0,64800.0
246,2018-06-01 18:00:00 -0700,vk.com,826,1527804000.0,64800.0
247,2018-06-01 18:00:00 -0700,winword,128,1527804000.0,64800.0
248,2018-06-01 19:00:00 -0700,saphr.ru,121,1527804000.0,68400.0
249,2018-06-01 19:00:00 -0700,saplogon,750,1527804000.0,68400.0
250,2018-06-01 19:00:00 -0700,vk.com,1500,1527804000.0,68400.0
251,2018-06-01 19:00:00 -0700,winword,511,1527804000.0,68400.0
252,2018-06-01 20:00:00 -0700,mail.google.com,257,1527804000.0,72000.0
253,2018-06-01 20:00:00 -0700,offline time - eat/drink,819,1527804000.0,72000.0
254,2018-06-01 20:00:00 -0700,vk.com,1391,1527804000.0,72000.0
255,2018-06-01 21:00:00 -0700,mail.google.com,180,1527804000.0,75600.0
256,2018-06-01 21:00:00 -0700,vk.com,1768,1527804000.0,75600.0
257,2018-06-01 22:00:00 -0700,blogs.sap.com,205,1527804000.0,79200.0
258,2018-06-01 22:00:00 -0700,help.sap.com,164,1527804000.0,79200.0
259,2018-06-01 22:00:00 -0700,mail.google.com,128,1527804000.0,79200.0
260,2018-06-01 22:00:00 -0700,offline time - eat/drink,308,1527804000.0,79200.0
261,2018-06-01 22:00:00 -0700,saplogon,419,1527804000.0,79200.0
262,2018-06-01 22:00:00 -0700,translate.google.com,179,1527804000.0,79200.0
263,2018-06-01 22:00:00 -0700,vk.com,1028,1527804000.0,79200.0
264,2018-06-01 22:00:00 -0700,winword,271,1527804000.0,79200.0
265,2018-06-01 23:00:00 -0700,offline time - rest,404,1527804000.0,82800.0
266,2018-06-01 23:00:00 -0700,saplogon,2131,1527804000.0,82800.0
267,2018-06-01 23:00:00 -0700,vk.com,168,1527804000.0,82800.0
268,2018-06-01 23:00:00 -0700,winword,155,1527804000.0,82800.0
269,2018-06-02 00:00:00 -0700,saplogon,2735,1527890400.0,0.0
270,2018-06-02 01:00:00 -0700,saplogon,2759,1527890400.0,3600.0
271,2018-06-02 01:00:00 -0700,sapnet.ru,135,1527890400.0,3600.0
272,2018-06-02 02:00:00 -0700,mail.google.com,105,1527890400.0,7200.0
273,2018-06-02 02:00:00 -0700,saplogon,2849,1527890400.0,7200.0
274,2018-06-02 02:00:00 -0700,vk.com,120,1527890400.0,7200.0
275,2018-06-02 03:00:00 -0700,saplogon,2923,1527890400.0,10800.0
276,2018-06-02 03:00:00 -0700,winword,164,1527890400.0,10800.0
277,2018-06-02 04:00:00 -0700,mail.google.com,193,1527890400.0,14400.0
278,2018-06-02 04:00:00 -0700,saplogon,2466,1527890400.0,14400.0
279,2018-06-02 04:00:00 -0700,skypeapp,160,1527890400.0,14400.0
280,2018-06-02 04:00:00 -0700,winword,371,1527890400.0,14400.0
281,2018-06-02 05:00:00 -0700,offline time - rest,604,1527890400.0,18000.0
282,2018-06-02 09:00:00 -0700,mail.google.com,772,1527890400.0,32400.0
283,2018-06-02 09:00:00 -0700,offline time - rest,384,1527890400.0,32400.0
284,2018-06-02 10:00:00 -0700,mail.google.com,365,1527890400.0,36000.0
285,2018-06-02 11:00:00 -0700,mail.google.com,465,1527890400.0,39600.0
286,2018-06-02 12:00:00 -0700,saplogon,1023,1527890400.0,43200.0
287,2018-06-02 12:00:00 -0700,skypeapp,1195,1527890400.0,43200.0
288,2018-06-02 12:00:00 -0700,winword,210,1527890400.0,43200.0
289,2018-06-02 13:00:00 -0700,saplogon,1551,1527890400.0,46800.0
290,2018-06-02 13:00:00 -0700,skypeapp,1508,1527890400.0,46800.0
291,2018-06-02 14:00:00 -0700,e.mail.ru,101,1527890400.0,50400.0
292,2018-06-02 14:00:00 -0700,offline time - eat/drink,472,1527890400.0,50400.0
293,2018-06-02 14:00:00 -0700,saplogon,630,1527890400.0,50400.0
294,2018-06-02 14:00:00 -0700,skypeapp,1264,1527890400.0,50400.0
295,2018-06-02 14:00:00 -0700,vk.com,467,1527890400.0,50400.0
296,2018-06-02 14:00:00 -0700,winword,315,1527890400.0,50400.0
297,2018-06-02 15:00:00 -0700,cameralabs.org,148,1527890400.0,54000.0
298,2018-06-02 15:00:00 -0700,saplogon,210,1527890400.0,54000.0
299,2018-06-02 15:00:00 -0700,skypeapp,730,1527890400.0,54000.0
300,2018-06-02 15:00:00 -0700,vk.com,595,1527890400.0,54000.0
301,2018-06-02 15:00:00 -0700,winword,187,1527890400.0,54000.0
302,2018-06-02 16:00:00 -0700,explorer,125,1527890400.0,57600.0
303,2018-06-02 16:00:00 -0700,saplogon,550,1527890400.0,57600.0
304,2018-06-02 16:00:00 -0700,skypeapp,2245,1527890400.0,57600.0
305,2018-06-02 16:00:00 -0700,winword,331,1527890400.0,57600.0
306,2018-06-02 17:00:00 -0700,mail.google.com,360,1527890400.0,61200.0
307,2018-06-02 17:00:00 -0700,skypeapp,990,1527890400.0,61200.0
308,2018-06-02 17:00:00 -0700,vk.com,498,1527890400.0,61200.0
309,2018-06-02 17:00:00 -0700,winword,234,1527890400.0,61200.0
310,2018-06-02 17:00:00 -0700,youtube.com,864,1527890400.0,61200.0
311,2018-06-02 18:00:00 -0700,avastui,148,1527890400.0,64800.0
312,2018-06-02 18:00:00 -0700,ebay.com,244,1527890400.0,64800.0
313,2018-06-02 18:00:00 -0700,offline time - eat/drink,1944,1527890400.0,64800.0
314,2018-06-02 18:00:00 -0700,youtube.com,1142,1527890400.0,64800.0
315,2018-06-02 19:00:00 -0700,mail.google.com,803,1527890400.0,68400.0
316,2018-06-02 19:00:00 -0700,offline time - eat/drink,268,1527890400.0,68400.0
317,2018-06-02 19:00:00 -0700,saplogon,824,1527890400.0,68400.0
318,2018-06-02 19:00:00 -0700,skypeapp,200,1527890400.0,68400.0
319,2018-06-02 19:00:00 -0700,vk.com,963,1527890400.0,68400.0
320,2018-06-02 20:00:00 -0700,mail.google.com,193,1527890400.0,72000.0
321,2018-06-02 20:00:00 -0700,saplogon,880,1527890400.0,72000.0
322,2018-06-02 20:00:00 -0700,vk.com,1740,1527890400.0,72000.0
323,2018-06-02 21:00:00 -0700,copy9.com,103,1527890400.0,75600.0
324,2018-06-02 21:00:00 -0700,mail.google.com,469,1527890400.0,75600.0
325,2018-06-02 21:00:00 -0700,phone-location.net,672,1527890400.0,75600.0
326,2018-06-02 21:00:00 -0700,saplogon,464,1527890400.0,75600.0
327,2018-06-02 21:00:00 -0700,skypeapp,130,1527890400.0,75600.0
328,2018-06-02 21:00:00 -0700,trackapartner.com,267,1527890400.0,75600.0
329,2018-06-02 21:00:00 -0700,vk.com,488,1527890400.0,75600.0
330,2018-06-02 22:00:00 -0700,chrome,168,1527890400.0,79200.0
331,2018-06-02 22:00:00 -0700,translate.google.com,114,1527890400.0,79200.0
332,2018-06-02 22:00:00 -0700,vk.com,2954,1527890400.0,79200.0
333,2018-06-02 23:00:00 -0700,vk.com,2106,1527890400.0,82800.0
334,2018-06-03 00:00:00 -0700,vk.com,3503,1527976800.0,0.0
335,2018-06-03 01:00:00 -0700,aviasales.ru,214,1527976800.0,3600.0
336,2018-06-03 01:00:00 -0700,google.com,489,1527976800.0,3600.0
337,2018-06-03 01:00:00 -0700,vk.com,2441,1527976800.0,3600.0
338,2018-06-03 02:00:00 -0700,maps-world.ru,150,1527976800.0,7200.0
339,2018-06-03 02:00:00 -0700,vk.com,1211,1527976800.0,7200.0
340,2018-06-03 03:00:00 -0700,vk.com,633,1527976800.0,10800.0
341,2018-06-03 04:00:00 -0700,vk.com,2265,1527976800.0,14400.0
342,2018-06-03 05:00:00 -0700,saplogon,436,1527976800.0,18000.0
343,2018-06-03 05:00:00 -0700,shellexperiencehost,272,1527976800.0,18000.0
344,2018-06-03 05:00:00 -0700,skypeapp,201,1527976800.0,18000.0
345,2018-06-03 05:00:00 -0700,vk.com,1705,1527976800.0,18000.0
346,2018-06-03 06:00:00 -0700,saplogon,2689,1527976800.0,21600.0
347,2018-06-03 06:00:00 -0700,skypeapp,328,1527976800.0,21600.0
348,2018-06-03 06:00:00 -0700,winword,228,1527976800.0,21600.0
349,2018-06-03 07:00:00 -0700,saplogon,3122,1527976800.0,25200.0
350,2018-06-03 07:00:00 -0700,skypeapp,189,1527976800.0,25200.0
351,2018-06-03 07:00:00 -0700,winword,120,1527976800.0,25200.0
352,2018-06-03 08:00:00 -0700,saplogon,2303,1527976800.0,28800.0
353,2018-06-03 08:00:00 -0700,skypeapp,423,1527976800.0,28800.0
354,2018-06-03 08:00:00 -0700,winword,200,1527976800.0,28800.0
355,2018-06-03 09:00:00 -0700,e.mail.ru,322,1527976800.0,32400.0
356,2018-06-03 09:00:00 -0700,vk.com,923,1527976800.0,32400.0
357,2018-06-03 10:00:00 -0700,mail.google.com,279,1527976800.0,36000.0
358,2018-06-03 10:00:00 -0700,vk.com,3103,1527976800.0,36000.0
359,2018-06-03 11:00:00 -0700,offline time - eat/drink,562,1527976800.0,39600.0
360,2018-06-03 11:00:00 -0700,saplogon,163,1527976800.0,39600.0
361,2018-06-03 11:00:00 -0700,skypeapp,279,1527976800.0,39600.0
362,2018-06-03 11:00:00 -0700,vk.com,2351,1527976800.0,39600.0
363,2018-06-03 12:00:00 -0700,mail.google.com,606,1527976800.0,43200.0
364,2018-06-03 12:00:00 -0700,saplogon,2018,1527976800.0,43200.0
365,2018-06-03 12:00:00 -0700,skypeapp,110,1527976800.0,43200.0
366,2018-06-03 12:00:00 -0700,vk.com,536,1527976800.0,43200.0
367,2018-06-03 13:00:00 -0700,mail.google.com,110,1527976800.0,46800.0
368,2018-06-03 13:00:00 -0700,saplogon,2198,1527976800.0,46800.0
369,2018-06-03 13:00:00 -0700,vk.com,279,1527976800.0,46800.0
370,2018-06-03 14:00:00 -0700,mail.google.com,268,1527976800.0,50400.0
371,2018-06-03 14:00:00 -0700,saplogon,2325,1527976800.0,50400.0
372,2018-06-03 14:00:00 -0700,skypeapp,288,1527976800.0,50400.0
373,2018-06-03 14:00:00 -0700,vk.com,186,1527976800.0,50400.0
374,2018-06-03 15:00:00 -0700,mail.google.com,612,1527976800.0,54000.0
375,2018-06-03 15:00:00 -0700,saplogon,2002,1527976800.0,54000.0
376,2018-06-03 15:00:00 -0700,vk.com,250,1527976800.0,54000.0
377,2018-06-03 16:00:00 -0700,aviasales.ru,231,1527976800.0,57600.0
378,2018-06-03 16:00:00 -0700,e.mail.ru,135,1527976800.0,57600.0
379,2018-06-03 16:00:00 -0700,facebook.com,141,1527976800.0,57600.0
380,2018-06-03 16:00:00 -0700,mail.google.com,344,1527976800.0,57600.0
381,2018-06-03 16:00:00 -0700,offline time - eat/drink,310,1527976800.0,57600.0
382,2018-06-03 16:00:00 -0700,saplogon,809,1527976800.0,57600.0
383,2018-06-03 16:00:00 -0700,skypeapp,891,1527976800.0,57600.0
384,2018-06-03 16:00:00 -0700,vk.com,156,1527976800.0,57600.0
385,2018-06-03 17:00:00 -0700,explorer,199,1527976800.0,61200.0
386,2018-06-03 17:00:00 -0700,gadgetstyle.com.ua,309,1527976800.0,61200.0
387,2018-06-03 17:00:00 -0700,google.com,101,1527976800.0,61200.0
388,2018-06-03 17:00:00 -0700,mail.google.com,153,1527976800.0,61200.0
389,2018-06-03 17:00:00 -0700,saplogon,934,1527976800.0,61200.0
390,2018-06-03 17:00:00 -0700,skypeapp,1178,1527976800.0,61200.0
391,2018-06-03 17:00:00 -0700,studip.uni-rostock.de,120,1527976800.0,61200.0
392,2018-06-03 17:00:00 -0700,vk.com,275,1527976800.0,61200.0
393,2018-06-03 18:00:00 -0700,facebook.com,514,1527976800.0,64800.0
394,2018-06-03 18:00:00 -0700,gadgetstyle.com.ua,347,1527976800.0,64800.0
395,2018-06-03 18:00:00 -0700,offline time - eat/drink,453,1527976800.0,64800.0
396,2018-06-03 18:00:00 -0700,offline time - other work,1029,1527976800.0,64800.0
397,2018-06-03 18:00:00 -0700,offline time - phone call,181,1527976800.0,64800.0
398,2018-06-03 18:00:00 -0700,saplogon,247,1527976800.0,64800.0
399,2018-06-03 18:00:00 -0700,skypeapp,245,1527976800.0,64800.0
400,2018-06-03 18:00:00 -0700,vynesimozg.com,151,1527976800.0,64800.0
401,2018-06-03 19:00:00 -0700,docs.google.com/#document,241,1527976800.0,68400.0
402,2018-06-03 19:00:00 -0700,offline time - phone call,2719,1527976800.0,68400.0
403,2018-06-03 19:00:00 -0700,saplogon,108,1527976800.0,68400.0
404,2018-06-03 19:00:00 -0700,vk.com,243,1527976800.0,68400.0
405,2018-06-03 20:00:00 -0700,offline time - phone call,2269,1527976800.0,72000.0
406,2018-06-03 20:00:00 -0700,vk.com,1111,1527976800.0,72000.0
407,2018-06-03 21:00:00 -0700,facebook.com,652,1527976800.0,75600.0
408,2018-06-03 21:00:00 -0700,vk.com,1933,1527976800.0,75600.0
409,2018-06-03 22:00:00 -0700,shellexperiencehost,200,1527976800.0,79200.0
410,2018-06-03 22:00:00 -0700,vk.com,2932,1527976800.0,79200.0
411,2018-06-03 23:00:00 -0700,chrome,144,1527976800.0,82800.0
412,2018-06-03 23:00:00 -0700,studip.uni-rostock.de,132,1527976800.0,82800.0
413,2018-06-03 23:00:00 -0700,vk.com,1423,1527976800.0,82800.0
414,2018-06-04 00:00:00 -0700,studip.uni-rostock.de,140,1528063200.0,0.0
415,2018-06-04 00:00:00 -0700,vk.com,990,1528063200.0,0.0
416,2018-06-04 09:00:00 -0700,mail.google.com,540,1528063200.0,32400.0
417,2018-06-04 09:00:00 -0700,saplogon,330,1528063200.0,32400.0
418,2018-06-04 16:00:00 -0700,firefox,197,1528063200.0,57600.0
419,2018-06-04 16:00:00 -0700,vk.com,458,1528063200.0,57600.0
420,2018-06-04 16:00:00 -0700,youtube.com,803,1528063200.0,57600.0
421,2018-06-04 17:00:00 -0700,firefox,369,1528063200.0,61200.0
422,2018-06-04 17:00:00 -0700,offline time - other work,2748,1528063200.0,61200.0
423,2018-06-04 17:00:00 -0700,raidix.slack.com,275,1528063200.0,61200.0
424,2018-06-04 17:00:00 -0700,youtube.com,203,1528063200.0,61200.0
425,2018-06-04 18:00:00 -0700,jira.rd.com,205,1528063200.0,64800.0
426,2018-06-04 18:00:00 -0700,mail.yandex.ru,335,1528063200.0,64800.0
427,2018-06-04 18:00:00 -0700,putty,1062,1528063200.0,64800.0
428,2018-06-04 18:00:00 -0700,winword,138,1528063200.0,64800.0
429,2018-06-04 18:00:00 -0700,y.music,1166,1528063200.0,64800.0
430,2018-06-04 19:00:00 -0700,172.16.22.230,131,1528063200.0,68400.0
431,2018-06-04 19:00:00 -0700,jira.rd.com,459,1528063200.0,68400.0
432,2018-06-04 19:00:00 -0700,putty,2247,1528063200.0,68400.0
433,2018-06-04 19:00:00 -0700,y.music,404,1528063200.0,68400.0
434,2018-06-04 20:00:00 -0700,172.16.22.89,375,1528063200.0,72000.0
435,2018-06-04 20:00:00 -0700,firefox,239,1528063200.0,72000.0
436,2018-06-04 20:00:00 -0700,putty,1126,1528063200.0,72000.0
437,2018-06-04 20:00:00 -0700,vncviewer,542,1528063200.0,72000.0
438,2018-06-04 20:00:00 -0700,y.music,399,1528063200.0,72000.0
439,2018-06-04 21:00:00 -0700,192.168.0.1,316,1528063200.0,75600.0
440,2018-06-04 21:00:00 -0700,acid3.acidtests.org,139,1528063200.0,75600.0
441,2018-06-04 21:00:00 -0700,firefox,908,1528063200.0,75600.0
442,2018-06-04 21:00:00 -0700,offline time - other work,1055,1528063200.0,75600.0
443,2018-06-04 21:00:00 -0700,roguelegacy,182,1528063200.0,75600.0
444,2018-06-04 21:00:00 -0700,steam,123,1528063200.0,75600.0
445,2018-06-04 22:00:00 -0700,offline time - rest,2691,1528063200.0,79200.0
446,2018-06-04 22:00:00 -0700,roguelegacy,702,1528063200.0,79200.0
447,2018-06-04 22:00:00 -0700,steam,190,1528063200.0,79200.0
448,2018-06-04 23:00:00 -0700,offline time - rest,1769,1528063200.0,82800.0
449,2018-06-04 23:00:00 -0700,y.music,136,1528063200.0,82800.0
450,2018-06-05 08:00:00 -0700,applicationframehost,206,1528149600.0,28800.0
451,2018-06-05 08:00:00 -0700,lockapp,174,1528149600.0,28800.0
452,2018-06-05 08:00:00 -0700,y.music,343,1528149600.0,28800.0
453,2018-06-05 09:00:00 -0700,acrord32,1170,1528149600.0,32400.0
454,2018-06-05 09:00:00 -0700,habr.com,504,1528149600.0,32400.0
455,2018-06-05 09:00:00 -0700,offline time - lesson,590,1528149600.0,32400.0
456,2018-06-05 09:00:00 -0700,translate.google.com,118,1528149600.0,32400.0
457,2018-06-05 10:00:00 -0700,acrord32,1224,1528149600.0,36000.0
458,2018-06-05 10:00:00 -0700,habr.com,176,1528149600.0,36000.0
459,2018-06-05 10:00:00 -0700,offline time - lesson,354,1528149600.0,36000.0
460,2018-06-05 12:00:00 -0700,confluence.rd.com,340,1528149600.0,43200.0
461,2018-06-05 12:00:00 -0700,habr.com,720,1528149600.0,43200.0
462,2018-06-05 12:00:00 -0700,offline time - rest,834,1528149600.0,43200.0
463,2018-06-05 12:00:00 -0700,raidix.slack.com,128,1528149600.0,43200.0
464,2018-06-05 12:00:00 -0700,y.music,496,1528149600.0,43200.0
465,2018-06-05 12:00:00 -0700,youtube.com,213,1528149600.0,43200.0
466,2018-06-05 13:00:00 -0700,build.rd.com,794,1528149600.0,46800.0
467,2018-06-05 13:00:00 -0700,jira.rd.com,411,1528149600.0,46800.0
468,2018-06-05 13:00:00 -0700,linux.die.net,102,1528149600.0,46800.0
469,2018-06-05 13:00:00 -0700,putty,648,1528149600.0,46800.0
470,2018-06-05 13:00:00 -0700,raidix.slack.com,482,1528149600.0,46800.0
471,2018-06-05 13:00:00 -0700,vncviewer,213,1528149600.0,46800.0
472,2018-06-05 13:00:00 -0700,web.telegram.org,124,1528149600.0,46800.0
473,2018-06-05 13:00:00 -0700,y.music,353,1528149600.0,46800.0
474,2018-06-05 14:00:00 -0700,azlyrics.com,304,1528149600.0,50400.0
475,2018-06-05 14:00:00 -0700,build.rd.com,939,1528149600.0,50400.0
476,2018-06-05 14:00:00 -0700,ospa.de,537,1528149600.0,50400.0
477,2018-06-05 14:00:00 -0700,putty,647,1528149600.0,50400.0
478,2018-06-05 14:00:00 -0700,raidix.slack.com,521,1528149600.0,50400.0
479,2018-06-05 14:00:00 -0700,web.whatsapp.com,251,1528149600.0,50400.0
480,2018-06-05 14:00:00 -0700,y.music,317,1528149600.0,50400.0
481,2018-06-05 15:00:00 -0700,build.rd.com,307,1528149600.0,54000.0
482,2018-06-05 15:00:00 -0700,gcc.gnu.org,156,1528149600.0,54000.0
483,2018-06-05 15:00:00 -0700,habr.com,1015,1528149600.0,54000.0
484,2018-06-05 15:00:00 -0700,lockapp,169,1528149600.0,54000.0
485,2018-06-05 15:00:00 -0700,metrolyrics.com,227,1528149600.0,54000.0
486,2018-06-05 15:00:00 -0700,opennet.ru,585,1528149600.0,54000.0
487,2018-06-05 15:00:00 -0700,putty,178,1528149600.0,54000.0
488,2018-06-05 15:00:00 -0700,raidix.slack.com,686,1528149600.0,54000.0
489,2018-06-05 16:00:00 -0700,build.rd.com,558,1528149600.0,57600.0
490,2018-06-05 16:00:00 -0700,habr.com,536,1528149600.0,57600.0
491,2018-06-05 16:00:00 -0700,putty,1588,1528149600.0,57600.0
492,2018-06-05 16:00:00 -0700,raidix.slack.com,596,1528149600.0,57600.0
493,2018-06-05 17:00:00 -0700,putty,2018,1528149600.0,61200.0
494,2018-06-05 17:00:00 -0700,raidix.slack.com,588,1528149600.0,61200.0
495,2018-06-05 17:00:00 -0700,vncviewer,265,1528149600.0,61200.0
496,2018-06-05 17:00:00 -0700,y.music,110,1528149600.0,61200.0
497,2018-06-05 18:00:00 -0700,habr.com,1017,1528149600.0,64800.0
498,2018-06-05 18:00:00 -0700,jira.rd.com,184,1528149600.0,64800.0
499,2018-06-05 18:00:00 -0700,putty,130,1528149600.0,64800.0
500,2018-06-05 18:00:00 -0700,vncviewer,205,1528149600.0,64800.0
501,2018-06-05 19:00:00 -0700,build.rd.com,154,1528149600.0,68400.0
502,2018-06-05 19:00:00 -0700,habr.com,572,1528149600.0,68400.0
503,2018-06-05 19:00:00 -0700,jira.rd.com,338,1528149600.0,68400.0
504,2018-06-05 19:00:00 -0700,mail.digdes.com,133,1528149600.0,68400.0
505,2018-06-05 19:00:00 -0700,putty,112,1528149600.0,68400.0
506,2018-06-05 19:00:00 -0700,reviews.rd.com,112,1528149600.0,68400.0
507,2018-06-05 19:00:00 -0700,y.music,705,1528149600.0,68400.0
508,2018-06-05 20:00:00 -0700,discordapp.com,272,1528149600.0,72000.0
509,2018-06-05 20:00:00 -0700,en.wikipedia.org,142,1528149600.0,72000.0
510,2018-06-05 20:00:00 -0700,firefox,132,1528149600.0,72000.0
511,2018-06-05 20:00:00 -0700,habr.com,216,1528149600.0,72000.0
512,2018-06-05 20:00:00 -0700,lockapp,321,1528149600.0,72000.0
513,2018-06-05 20:00:00 -0700,putty,105,1528149600.0,72000.0
514,2018-06-05 20:00:00 -0700,y.music,407,1528149600.0,72000.0
515,2018-06-05 21:00:00 -0700,gog.com,130,1528149600.0,75600.0
516,2018-06-05 21:00:00 -0700,lockapp,201,1528149600.0,75600.0
517,2018-06-05 21:00:00 -0700,offline time - other work,409,1528149600.0,75600.0
518,2018-06-05 21:00:00 -0700,windjview,1327,1528149600.0,75600.0
519,2018-06-06 00:00:00 -0700,habr.com,564,1528236000.0,0.0
520,2018-06-06 08:00:00 -0700,acrord32,1097,1528236000.0,28800.0
521,2018-06-06 08:00:00 -0700,studip.uni-rostock.de,143,1528236000.0,28800.0
522,2018-06-06 08:00:00 -0700,y.music,590,1528236000.0,28800.0
523,2018-06-06 09:00:00 -0700,acrord32,1503,1528236000.0,32400.0
524,2018-06-06 09:00:00 -0700,jira.rd.com,107,1528236000.0,32400.0
525,2018-06-06 09:00:00 -0700,offline time - lesson,537,1528236000.0,32400.0
526,2018-06-06 09:00:00 -0700,raidix.slack.com,157,1528236000.0,32400.0
527,2018-06-06 09:00:00 -0700,ustav.net,366,1528236000.0,32400.0
528,2018-06-06 10:00:00 -0700,acrord32,661,1528236000.0,36000.0
529,2018-06-06 10:00:00 -0700,jira.rd.com,180,1528236000.0,36000.0
530,2018-06-06 10:00:00 -0700,offline time - lesson,1625,1528236000.0,36000.0
531,2018-06-06 10:00:00 -0700,raidix.slack.com,135,1528236000.0,36000.0
532,2018-06-06 10:00:00 -0700,studip.uni-rostock.de,612,1528236000.0,36000.0
533,2018-06-06 10:00:00 -0700,ustav.net,239,1528236000.0,36000.0
534,2018-06-06 11:00:00 -0700,acrord32,1113,1528236000.0,39600.0
535,2018-06-06 11:00:00 -0700,build.rd.com,257,1528236000.0,39600.0
536,2018-06-06 11:00:00 -0700,email.uni-rostock.de,136,1528236000.0,39600.0
537,2018-06-06 11:00:00 -0700,en.wikipedia.org,287,1528236000.0,39600.0
538,2018-06-06 11:00:00 -0700,git.rd.com,150,1528236000.0,39600.0
539,2018-06-06 11:00:00 -0700,github.com,109,1528236000.0,39600.0
540,2018-06-06 11:00:00 -0700,offline time - lesson,401,1528236000.0,39600.0
541,2018-06-06 11:00:00 -0700,raidix.slack.com,270,1528236000.0,39600.0
542,2018-06-06 11:00:00 -0700,ustav.net,277,1528236000.0,39600.0
543,2018-06-06 12:00:00 -0700,acrord32,144,1528236000.0,43200.0
544,2018-06-06 12:00:00 -0700,offline time - lesson,439,1528236000.0,43200.0
545,2018-06-06 13:00:00 -0700,build.rd.com,153,1528236000.0,46800.0
546,2018-06-06 13:00:00 -0700,jira.rd.com,159,1528236000.0,46800.0
547,2018-06-06 13:00:00 -0700,mirror.logol.ru,123,1528236000.0,46800.0
548,2018-06-06 13:00:00 -0700,putty,1118,1528236000.0,46800.0
549,2018-06-06 13:00:00 -0700,raidix.slack.com,206,1528236000.0,46800.0
550,2018-06-06 13:00:00 -0700,storage.raidix.com,292,1528236000.0,46800.0
551,2018-06-06 13:00:00 -0700,vncviewer,288,1528236000.0,46800.0
552,2018-06-06 14:00:00 -0700,admin.fedoraproject.org,159,1528236000.0,50400.0
553,2018-06-06 14:00:00 -0700,build.rd.com,218,1528236000.0,50400.0
554,2018-06-06 14:00:00 -0700,jira.rd.com,349,1528236000.0,50400.0
555,2018-06-06 14:00:00 -0700,mirror.yandex.ru,101,1528236000.0,50400.0
556,2018-06-06 14:00:00 -0700,putty,481,1528236000.0,50400.0
557,2018-06-06 14:00:00 -0700,raidix.slack.com,1200,1528236000.0,50400.0
558,2018-06-06 14:00:00 -0700,system idle process,162,1528236000.0,50400.0
559,2018-06-06 14:00:00 -0700,ustav.net,154,1528236000.0,50400.0
560,2018-06-06 14:00:00 -0700,y.music,107,1528236000.0,50400.0
561,2018-06-06 15:00:00 -0700,192.168.0.1,143,1528236000.0,54000.0
562,2018-06-06 15:00:00 -0700,openvpn-gui,108,1528236000.0,54000.0
563,2018-06-06 15:00:00 -0700,perfmon,264,1528236000.0,54000.0
564,2018-06-06 15:00:00 -0700,pubs.opengroup.org,275,1528236000.0,54000.0
565,2018-06-06 15:00:00 -0700,putty,1307,1528236000.0,54000.0
566,2018-06-06 15:00:00 -0700,raidix.slack.com,485,1528236000.0,54000.0
567,2018-06-06 15:00:00 -0700,speedtest.net,132,1528236000.0,54000.0
568,2018-06-06 15:00:00 -0700,storage.rd.com,107,1528236000.0,54000.0
569,2018-06-06 16:00:00 -0700,mesg.ebay.com,117,1528236000.0,57600.0
570,2018-06-06 16:00:00 -0700,putty,483,1528236000.0,57600.0
571,2018-06-06 16:00:00 -0700,vncviewer,114,1528236000.0,57600.0
572,2018-06-06 17:00:00 -0700,chrome,406,1528236000.0,61200.0
573,2018-06-06 17:00:00 -0700,contact.ebay.com,119,1528236000.0,61200.0
574,2018-06-06 17:00:00 -0700,firefox,166,1528236000.0,61200.0
575,2018-06-06 17:00:00 -0700,pubs.opengroup.org,143,1528236000.0,61200.0
576,2018-06-06 17:00:00 -0700,putty,825,1528236000.0,61200.0
577,2018-06-06 17:00:00 -0700,stackoverflow.com,136,1528236000.0,61200.0
578,2018-06-06 17:00:00 -0700,vk.com,116,1528236000.0,61200.0
579,2018-06-06 18:00:00 -0700,chrome,1755,1528236000.0,64800.0
580,2018-06-06 18:00:00 -0700,duckduckgo.com,119,1528236000.0,64800.0
581,2018-06-06 18:00:00 -0700,firefox,220,1528236000.0,64800.0
582,2018-06-06 18:00:00 -0700,linux.die.net,121,1528236000.0,64800.0
583,2018-06-06 18:00:00 -0700,reviews.rd.com,107,1528236000.0,64800.0
584,2018-06-06 19:00:00 -0700,firefox,647,1528236000.0,68400.0
585,2018-06-06 19:00:00 -0700,vk.com,226,1528236000.0,68400.0
586,2018-06-06 19:00:00 -0700,youtube.com,227,1528236000.0,68400.0
587,2018-06-06 21:00:00 -0700,habr.com,490,1528236000.0,75600.0
588,2018-06-06 21:00:00 -0700,mosh.org,320,1528236000.0,75600.0
589,2018-06-06 21:00:00 -0700,opennet.ru,228,1528236000.0,75600.0
590,2018-06-06 21:00:00 -0700,ustav.net,1393,1528236000.0,75600.0
591,2018-06-06 21:00:00 -0700,vk.com,318,1528236000.0,75600.0
592,2018-06-06 21:00:00 -0700,web.telegram.org,128,1528236000.0,75600.0
593,2018-06-06 21:00:00 -0700,y.music,474,1528236000.0,75600.0
594,2018-06-06 22:00:00 -0700,en.wikipedia.org,153,1528236000.0,79200.0
595,2018-06-06 22:00:00 -0700,habr.com,256,1528236000.0,79200.0
596,2018-06-06 22:00:00 -0700,web.telegram.org,176,1528236000.0,79200.0
597,2018-06-06 23:00:00 -0700,youtube.com,172,1528236000.0,82800.0
598,2018-06-07 02:00:00 -0700,172.16.22.99,191,1528322400.0,7200.0
599,2018-06-07 10:00:00 -0700,build.rd.com,573,1528322400.0,36000.0
600,2018-06-07 10:00:00 -0700,chrome,658,1528322400.0,36000.0
601,2018-06-07 10:00:00 -0700,jira.rd.com,104,1528322400.0,36000.0
602,2018-06-07 10:00:00 -0700,raidix.slack.com,142,1528322400.0,36000.0
603,2018-06-07 10:00:00 -0700,reviews.rd.com,136,1528322400.0,36000.0
604,2018-06-07 10:00:00 -0700,ustav.net,104,1528322400.0,36000.0
605,2018-06-07 10:00:00 -0700,youtube.com,175,1528322400.0,36000.0
606,2018-06-07 11:00:00 -0700,build.rd.com,199,1528322400.0,39600.0
607,2018-06-07 11:00:00 -0700,chrome,1551,1528322400.0,39600.0
608,2018-06-07 11:00:00 -0700,firefox,699,1528322400.0,39600.0
609,2018-06-07 11:00:00 -0700,raidix.slack.com,267,1528322400.0,39600.0
610,2018-06-07 11:00:00 -0700,web.telegram.org,131,1528322400.0,39600.0
611,2018-06-07 11:00:00 -0700,youtube.com,295,1528322400.0,39600.0
612,2018-06-07 12:00:00 -0700,build.rd.com,187,1528322400.0,43200.0
613,2018-06-07 12:00:00 -0700,firefox,226,1528322400.0,43200.0
614,2018-06-07 12:00:00 -0700,offline time - rest,1610,1528322400.0,43200.0
615,2018-06-07 12:00:00 -0700,reviews.rd.com,232,1528322400.0,43200.0
616,2018-06-07 15:00:00 -0700,build.rd.com,466,1528322400.0,54000.0
617,2018-06-07 15:00:00 -0700,chrome,584,1528322400.0,54000.0
618,2018-06-07 15:00:00 -0700,offline time - rest,1134,1528322400.0,54000.0
619,2018-06-07 15:00:00 -0700,raidix.slack.com,283,1528322400.0,54000.0
620,2018-06-07 15:00:00 -0700,reviews.rd.com,269,1528322400.0,54000.0
621,2018-06-07 16:00:00 -0700,chrome,995,1528322400.0,57600.0
622,2018-06-07 16:00:00 -0700,jira.rd.com,259,1528322400.0,57600.0
623,2018-06-07 16:00:00 -0700,raidix.slack.com,1663,1528322400.0,57600.0
624,2018-06-07 16:00:00 -0700,y.music,217,1528322400.0,57600.0
625,2018-06-07 17:00:00 -0700,chrome,1564,1528322400.0,61200.0
626,2018-06-07 17:00:00 -0700,confluence.rd.com,107,1528322400.0,61200.0
627,2018-06-07 17:00:00 -0700,git.rd.com,128,1528322400.0,61200.0
628,2018-06-07 17:00:00 -0700,jira.rd.com,173,1528322400.0,61200.0
629,2018-06-07 17:00:00 -0700,raidix.slack.com,1191,1528322400.0,61200.0
630,2018-06-07 18:00:00 -0700,chrome,1199,1528322400.0,64800.0
631,2018-06-07 18:00:00 -0700,jira.rd.com,649,1528322400.0,64800.0
632,2018-06-07 18:00:00 -0700,raidix.slack.com,173,1528322400.0,64800.0
633,2018-06-07 18:00:00 -0700,reviews.rd.com,323,1528322400.0,64800.0
634,2018-06-07 18:00:00 -0700,web.telegram.org,486,1528322400.0,64800.0
635,2018-06-07 18:00:00 -0700,y.music,602,1528322400.0,64800.0
636,2018-06-07 19:00:00 -0700,build.rd.com,113,1528322400.0,68400.0
637,2018-06-07 19:00:00 -0700,chrome,2058,1528322400.0,68400.0
638,2018-06-07 19:00:00 -0700,jira.rd.com,552,1528322400.0,68400.0
639,2018-06-07 19:00:00 -0700,reviews.rd.com,127,1528322400.0,68400.0
640,2018-06-07 19:00:00 -0700,y.music,245,1528322400.0,68400.0
641,2018-06-07 20:00:00 -0700,email.uni-rostock.de,151,1528322400.0,72000.0
642,2018-06-07 20:00:00 -0700,firefox,474,1528322400.0,72000.0
643,2018-06-07 20:00:00 -0700,lockapp,152,1528322400.0,72000.0
644,2018-06-07 20:00:00 -0700,mail.yandex.ru,133,1528322400.0,72000.0
645,2018-06-07 20:00:00 -0700,y.music,305,1528322400.0,72000.0
646,2018-06-07 20:00:00 -0700,youtube.com,480,1528322400.0,72000.0
647,2018-06-07 22:00:00 -0700,cbkg.ru,105,1528322400.0,79200.0
648,2018-06-07 22:00:00 -0700,damoney.ru,359,1528322400.0,79200.0
649,2018-06-07 22:00:00 -0700,duckduckgo.com,129,1528322400.0,79200.0
650,2018-06-07 22:00:00 -0700,firefox,153,1528322400.0,79200.0
651,2018-06-07 22:00:00 -0700,ospa.de,315,1528322400.0,79200.0
652,2018-06-07 22:00:00 -0700,sravni.ru,168,1528322400.0,79200.0
653,2018-06-07 22:00:00 -0700,vk.com,103,1528322400.0,79200.0
654,2018-06-07 22:00:00 -0700,youtube.com,358,1528322400.0,79200.0
655,2018-06-08 00:00:00 -0700,drive.google.com,893,1528408800.0,0.0
656,2018-06-08 00:00:00 -0700,opennet.ru,379,1528408800.0,0.0
657,2018-06-08 00:00:00 -0700,y.music,121,1528408800.0,0.0
658,2018-06-08 01:00:00 -0700,youtube.com,178,1528408800.0,3600.0
659,2018-06-08 02:00:00 -0700,firefox,196,1528408800.0,7200.0
660,2018-06-08 02:00:00 -0700,opennet.ru,148,1528408800.0,7200.0
661,2018-06-08 02:00:00 -0700,y.music,365,1528408800.0,7200.0
662,2018-06-08 02:00:00 -0700,youtube.com,914,1528408800.0,7200.0
663,2018-06-08 03:00:00 -0700,jira.rd.com,215,1528408800.0,10800.0
664,2018-06-08 10:00:00 -0700,chrome,155,1528408800.0,36000.0
665,2018-06-08 10:00:00 -0700,diva-portal.org,265,1528408800.0,36000.0
666,2018-06-08 10:00:00 -0700,raidix.slack.com,303,1528408800.0,36000.0
667,2018-06-08 10:00:00 -0700,telegra.ph,375,1528408800.0,36000.0
668,2018-06-08 10:00:00 -0700,vncviewer,127,1528408800.0,36000.0
669,2018-06-08 10:00:00 -0700,web.telegram.org,147,1528408800.0,36000.0
670,2018-06-08 10:00:00 -0700,y.music,261,1528408800.0,36000.0
671,2018-06-08 11:00:00 -0700,acrord32,647,1528408800.0,39600.0
672,2018-06-08 11:00:00 -0700,citeseerx.ist.psu.edu,306,1528408800.0,39600.0
673,2018-06-08 11:00:00 -0700,docs.google.com/#document,877,1528408800.0,39600.0
674,2018-06-08 11:00:00 -0700,drive.google.com,110,1528408800.0,39600.0
675,2018-06-08 11:00:00 -0700,firefox,756,1528408800.0,39600.0
676,2018-06-08 11:00:00 -0700,y.music,232,1528408800.0,39600.0
677,2018-06-08 12:00:00 -0700,citeseerx.ist.psu.edu,991,1528408800.0,43200.0
678,2018-06-08 13:00:00 -0700,citeseerx.ist.psu.edu,823,1528408800.0,46800.0
679,2018-06-08 13:00:00 -0700,docs.google.com/#document,248,1528408800.0,46800.0
680,2018-06-08 13:00:00 -0700,drive.google.com,863,1528408800.0,46800.0
681,2018-06-08 13:00:00 -0700,raidix.slack.com,346,1528408800.0,46800.0
682,2018-06-08 13:00:00 -0700,reviews.rd.com,119,1528408800.0,46800.0
683,2018-06-08 14:00:00 -0700,chrome,143,1528408800.0,50400.0
684,2018-06-08 14:00:00 -0700,jira.rd.com,171,1528408800.0,50400.0
685,2018-06-08 14:00:00 -0700,lockapp,121,1528408800.0,50400.0
686,2018-06-08 14:00:00 -0700,raidix.slack.com,336,1528408800.0,50400.0
687,2018-06-08 15:00:00 -0700,chrome,218,1528408800.0,54000.0
688,2018-06-08 15:00:00 -0700,confluence.rd.com,610,1528408800.0,54000.0
689,2018-06-08 15:00:00 -0700,git.rd.com,140,1528408800.0,54000.0
690,2018-06-08 15:00:00 -0700,jira.rd.com,1060,1528408800.0,54000.0
691,2018-06-08 15:00:00 -0700,raidix.slack.com,784,1528408800.0,54000.0
692,2018-06-08 15:00:00 -0700,reviews.rd.com,443,1528408800.0,54000.0
693,2018-06-08 15:00:00 -0700,web.telegram.org,177,1528408800.0,54000.0
694,2018-06-08 15:00:00 -0700,y.music,133,1528408800.0,54000.0
695,2018-06-08 16:00:00 -0700,atom,150,1528408800.0,57600.0
696,2018-06-08 16:00:00 -0700,chrome,1507,1528408800.0,57600.0
697,2018-06-08 16:00:00 -0700,docs.python.org,198,1528408800.0,57600.0
698,2018-06-08 16:00:00 -0700,git.rd.com,194,1528408800.0,57600.0
699,2018-06-08 16:00:00 -0700,jira.rd.com,244,1528408800.0,57600.0
700,2018-06-08 16:00:00 -0700,raidix.slack.com,724,1528408800.0,57600.0
701,2018-06-08 17:00:00 -0700,chrome,1827,1528408800.0,61200.0
702,2018-06-08 17:00:00 -0700,explorer,229,1528408800.0,61200.0
703,2018-06-08 17:00:00 -0700,jira.rd.com,289,1528408800.0,61200.0
704,2018-06-08 17:00:00 -0700,web.telegram.org,235,1528408800.0,61200.0
705,2018-06-08 17:00:00 -0700,y.music,173,1528408800.0,61200.0
706,2018-06-08 19:00:00 -0700,y.music,426,1528408800.0,68400.0
707,2018-06-08 20:00:00 -0700,ru.wikihow.com,150,1528408800.0,72000.0
708,2018-06-08 20:00:00 -0700,web.telegram.org,258,1528408800.0,72000.0
709,2018-06-08 21:00:00 -0700,firefox,322,1528408800.0,75600.0
710,2018-06-08 21:00:00 -0700,ru.wikihow.com,1153,1528408800.0,75600.0
711,2018-06-08 21:00:00 -0700,y.music,206,1528408800.0,75600.0
712,2018-06-08 21:00:00 -0700,youtube.com,456,1528408800.0,75600.0
713,2018-06-09 00:00:00 -0700,discordapp.com,102,1528495200.0,0.0
714,2018-06-09 00:00:00 -0700,firefox,438,1528495200.0,0.0
715,2018-06-09 00:00:00 -0700,vk.com,187,1528495200.0,0.0
716,2018-06-09 02:00:00 -0700,firefox,621,1528495200.0,7200.0
717,2018-06-09 02:00:00 -0700,smartfiction.ru,900,1528495200.0,7200.0
718,2018-06-09 03:00:00 -0700,lockapp,111,1528495200.0,10800.0
719,2018-06-09 03:00:00 -0700,youtube.com,135,1528495200.0,10800.0
720,2018-06-09 10:00:00 -0700,chrome,513,1528495200.0,36000.0
721,2018-06-09 10:00:00 -0700,firefox,452,1528495200.0,36000.0
722,2018-06-09 10:00:00 -0700,raidix.slack.com,311,1528495200.0,36000.0
723,2018-06-09 10:00:00 -0700,y.music,422,1528495200.0,36000.0
724,2018-06-09 10:00:00 -0700,youtube.com,203,1528495200.0,36000.0
725,2018-06-09 11:00:00 -0700,chrome,966,1528495200.0,39600.0
726,2018-06-09 11:00:00 -0700,consultant.ru,370,1528495200.0,39600.0
727,2018-06-09 11:00:00 -0700,firefox,105,1528495200.0,39600.0
728,2018-06-09 11:00:00 -0700,jira.rd.com,174,1528495200.0,39600.0
729,2018-06-09 11:00:00 -0700,raidix.slack.com,485,1528495200.0,39600.0
730,2018-06-09 12:00:00 -0700,firefox,1045,1528495200.0,43200.0
731,2018-06-09 12:00:00 -0700,web.telegram.org,242,1528495200.0,43200.0
732,2018-06-09 12:00:00 -0700,y.music,709,1528495200.0,43200.0
733,2018-06-09 13:00:00 -0700,firefox,782,1528495200.0,46800.0
734,2018-06-09 13:00:00 -0700,raidix.slack.com,300,1528495200.0,46800.0
735,2018-06-09 13:00:00 -0700,soundcloud.com,150,1528495200.0,46800.0
736,2018-06-09 13:00:00 -0700,telegra.ph,131,1528495200.0,46800.0
737,2018-06-09 14:00:00 -0700,vk.com,104,1528495200.0,50400.0
738,2018-06-09 15:00:00 -0700,docs.google.com/#document,369,1528495200.0,54000.0
739,2018-06-09 15:00:00 -0700,edimdoma.ru,191,1528495200.0,54000.0
740,2018-06-09 15:00:00 -0700,keep.google.com,299,1528495200.0,54000.0
741,2018-06-09 15:00:00 -0700,lifeistgut.com,133,1528495200.0,54000.0
742,2018-06-09 15:00:00 -0700,mixmarkt.eu,249,1528495200.0,54000.0
743,2018-06-09 15:00:00 -0700,reviews.rd.com,160,1528495200.0,54000.0
744,2018-06-09 15:00:00 -0700,web.whatsapp.com,373,1528495200.0,54000.0
745,2018-06-09 16:00:00 -0700,docs.google.com/#document,265,1528495200.0,57600.0
746,2018-06-09 16:00:00 -0700,groundlion.be,1077,1528495200.0,57600.0
747,2018-06-09 16:00:00 -0700,system idle process,125,1528495200.0,57600.0
748,2018-06-09 16:00:00 -0700,y.music,489,1528495200.0,57600.0
749,2018-06-09 16:00:00 -0700,youtube.com,243,1528495200.0,57600.0
750,2018-06-09 20:00:00 -0700,firefox,2088,1528495200.0,72000.0
751,2018-06-09 20:00:00 -0700,opennet.ru,541,1528495200.0,72000.0
752,2018-06-09 20:00:00 -0700,y.music,161,1528495200.0,72000.0
753,2018-06-09 20:00:00 -0700,youtube.com,122,1528495200.0,72000.0
754,2018-06-09 21:00:00 -0700,firefox,462,1528495200.0,75600.0
755,2018-06-09 21:00:00 -0700,ted.com,972,1528495200.0,75600.0
756,2018-06-09 21:00:00 -0700,web.telegram.org,424,1528495200.0,75600.0
757,2018-06-09 21:00:00 -0700,y.music,133,1528495200.0,75600.0
758,2018-06-09 21:00:00 -0700,youtube.com,352,1528495200.0,75600.0
759,2018-06-09 22:00:00 -0700,docs.google.com/#document,301,1528495200.0,79200.0
760,2018-06-09 22:00:00 -0700,vk.com,137,1528495200.0,79200.0
761,2018-06-09 22:00:00 -0700,y.music,2629,1528495200.0,79200.0
762,2018-06-09 23:00:00 -0700,bbc.com,157,1528495200.0,82800.0
763,2018-06-09 23:00:00 -0700,firefox,739,1528495200.0,82800.0
764,2018-06-09 23:00:00 -0700,vk.com,491,1528495200.0,82800.0
765,2018-06-10 00:00:00 -0700,knigger.org,174,1528581600.0,0.0
766,2018-06-10 00:00:00 -0700,windjview,1273,1528581600.0,0.0
767,2018-06-10 01:00:00 -0700,firefox,176,1528581600.0,3600.0
768,2018-06-10 01:00:00 -0700,windjview,801,1528581600.0,3600.0
769,2018-06-10 01:00:00 -0700,youtube.com,141,1528581600.0,3600.0
770,2018-06-10 09:00:00 -0700,firefox,709,1528581600.0,32400.0
771,2018-06-10 09:00:00 -0700,groundlion.be,125,1528581600.0,32400.0
772,2018-06-10 10:00:00 -0700,firefox,308,1528581600.0,36000.0
773,2018-06-10 11:00:00 -0700,firefox,426,1528581600.0,39600.0
774,2018-06-10 11:00:00 -0700,steam,193,1528581600.0,39600.0
775,2018-06-10 11:00:00 -0700,youtube.com,173,1528581600.0,39600.0
776,2018-06-10 12:00:00 -0700,firefox,408,1528581600.0,43200.0
777,2018-06-10 12:00:00 -0700,steam,128,1528581600.0,43200.0
778,2018-06-10 12:00:00 -0700,y.music,857,1528581600.0,43200.0
779,2018-06-10 12:00:00 -0700,youtube.com,117,1528581600.0,43200.0
780,2018-06-10 14:00:00 -0700,dl1.n3.10.cdn.perfectgirls.net,183,1528581600.0,50400.0
781,2018-06-10 14:00:00 -0700,docs.google.com/#document,321,1528581600.0,50400.0
782,2018-06-10 14:00:00 -0700,firefox,507,1528581600.0,50400.0
783,2018-06-10 14:00:00 -0700,groundlion.be,371,1528581600.0,50400.0
784,2018-06-10 14:00:00 -0700,mail.yandex.ru,116,1528581600.0,50400.0
785,2018-06-10 14:00:00 -0700,youtube.com,599,1528581600.0,50400.0
786,2018-06-10 15:00:00 -0700,camunda.com,270,1528581600.0,54000.0
787,2018-06-10 15:00:00 -0700,docs.google.com/#document,669,1528581600.0,54000.0
788,2018-06-10 15:00:00 -0700,groundlion.be,781,1528581600.0,54000.0
789,2018-06-10 15:00:00 -0700,visual-paradigm.com,132,1528581600.0,54000.0
790,2018-06-10 15:00:00 -0700,web.telegram.org,387,1528581600.0,54000.0
791,2018-06-10 15:00:00 -0700,y.music,343,1528581600.0,54000.0
792,2018-06-10 18:00:00 -0700,assets.ctfassets.net,307,1528581600.0,64800.0
793,2018-06-10 18:00:00 -0700,bash.im,1750,1528581600.0,64800.0
794,2018-06-10 18:00:00 -0700,camunda.com,138,1528581600.0,64800.0
795,2018-06-10 18:00:00 -0700,firefox,214,1528581600.0,64800.0
796,2018-06-10 18:00:00 -0700,vk.com,273,1528581600.0,64800.0
797,2018-06-10 18:00:00 -0700,y.music,361,1528581600.0,64800.0
798,2018-06-10 19:00:00 -0700,bash.im,2171,1528581600.0,68400.0
799,2018-06-10 19:00:00 -0700,docs.google.com/#document,198,1528581600.0,68400.0
800,2018-06-10 19:00:00 -0700,drive.google.com,171,1528581600.0,68400.0
801,2018-06-10 20:00:00 -0700,bash.im,809,1528581600.0,72000.0
802,2018-06-10 20:00:00 -0700,translate.google.com,149,1528581600.0,72000.0
803,2018-06-10 20:00:00 -0700,web.whatsapp.com,462,1528581600.0,72000.0
804,2018-06-10 21:00:00 -0700,bash.im,464,1528581600.0,75600.0
805,2018-06-10 21:00:00 -0700,web.telegram.org,198,1528581600.0,75600.0
806,2018-06-10 22:00:00 -0700,bash.im,413,1528581600.0,79200.0
807,2018-06-10 22:00:00 -0700,docs.google.com/#document,136,1528581600.0,79200.0
808,2018-06-10 22:00:00 -0700,studip.uni-rostock.de,212,1528581600.0,79200.0
809,2018-06-10 22:00:00 -0700,web.telegram.org,128,1528581600.0,79200.0
810,2018-06-10 22:00:00 -0700,y.music,106,1528581600.0,79200.0
811,2018-06-10 23:00:00 -0700,docs.google.com/#document,649,1528581600.0,82800.0
812,2018-06-10 23:00:00 -0700,firefox,538,1528581600.0,82800.0
813,2018-06-10 23:00:00 -0700,omg.org,169,1528581600.0,82800.0
814,2018-06-10 23:00:00 -0700,productforums.google.com,102,1528581600.0,82800.0
815,2018-06-10 23:00:00 -0700,youtube.com,687,1528581600.0,82800.0
816,2018-06-11 00:00:00 -0700,acrord32,1085,1528668000.0,0.0
817,2018-06-11 00:00:00 -0700,camunda-modeler,318,1528668000.0,0.0
818,2018-06-11 00:00:00 -0700,docs.google.com/#document,576,1528668000.0,0.0
819,2018-06-11 00:00:00 -0700,drive.google.com,150,1528668000.0,0.0
820,2018-06-11 00:00:00 -0700,firefox,228,1528668000.0,0.0
821,2018-06-11 01:00:00 -0700,acrord32,627,1528668000.0,3600.0
822,2018-06-11 01:00:00 -0700,docs.google.com/#document,650,1528668000.0,3600.0
823,2018-06-11 01:00:00 -0700,firefox,428,1528668000.0,3600.0
824,2018-06-11 01:00:00 -0700,mint.com,114,1528668000.0,3600.0
825,2018-06-11 01:00:00 -0700,omg.org,244,1528668000.0,3600.0
826,2018-06-11 01:00:00 -0700,youtube.com,376,1528668000.0,3600.0
827,2018-06-11 02:00:00 -0700,firefox,184,1528668000.0,7200.0
828,2018-06-11 02:00:00 -0700,youtube.com,610,1528668000.0,7200.0
829,2018-06-11 09:00:00 -0700,acrord32,1205,1528668000.0,32400.0
830,2018-06-11 09:00:00 -0700,bash.im,662,1528668000.0,32400.0
831,2018-06-11 09:00:00 -0700,docs.google.com/#document,278,1528668000.0,32400.0
832,2018-06-11 09:00:00 -0700,vmnode.rd.com,123,1528668000.0,32400.0
833,2018-06-11 10:00:00 -0700,bash.im,2551,1528668000.0,36000.0
